year,total,name
1970,86397,British Columbia
1971,82717,British Columbia
1972,101535,British Columbia
1973,116826,British Columbia
1974,96736,British Columbia
1975,91270,British Columbia
1976,120218,British Columbia
1977,142066,British Columbia
1978,137552,British Columbia
1979,140113,British Columbia
1980,141737,British Columbia
1981,119033,British Columbia
1982,121545,British Columbia
1983,155236,British Columbia
1984,163008,British Columbia
1985,186143,British Columbia
1986,199670,British Columbia
1987,231726,British Columbia
1988,210398,British Columbia
1989,188425,British Columbia
1990,182886,British Columbia
1991,173890,British Columbia
1992,186448,British Columbia
1993,171976,British Columbia
1994,161601,British Columbia
1995,168747,British Columbia
1996,176299,British Columbia
1997,171427,British Columbia
1998,168828,British Columbia
1999,204438,British Columbia
2000,199346,British Columbia
2001,179479,British Columbia
2002,204467,British Columbia
2003,228916,British Columbia
2004,254983,British Columbia
2005,256167,British Columbia
2006,235405,British Columbia
2007,233214,British Columbia
2008,194742,British Columbia
2009,152050,British Columbia
2010,201862,British Columbia
2011,229434,British Columbia
2012,214439,British Columbia
2013,236544,British Columbia
2014,214128,British Columbia
2015,241213,British Columbia
2016,233946,British Columbia
2017,214719,British Columbia
2018,144110,British Columbia
2019,21639,British Columbia
1970,0,Boreal Mountains and Plateaus
1971,0,Boreal Mountains and Plateaus
1972,12,Boreal Mountains and Plateaus
1973,0,Boreal Mountains and Plateaus
1974,135,Boreal Mountains and Plateaus
1975,149,Boreal Mountains and Plateaus
1976,121,Boreal Mountains and Plateaus
1977,115,Boreal Mountains and Plateaus
1978,270,Boreal Mountains and Plateaus
1979,229,Boreal Mountains and Plateaus
1980,86,Boreal Mountains and Plateaus
1981,523,Boreal Mountains and Plateaus
1982,345,Boreal Mountains and Plateaus
1983,123,Boreal Mountains and Plateaus
1984,583,Boreal Mountains and Plateaus
1985,1405,Boreal Mountains and Plateaus
1986,278,Boreal Mountains and Plateaus
1987,1022,Boreal Mountains and Plateaus
1988,457,Boreal Mountains and Plateaus
1989,1070,Boreal Mountains and Plateaus
1990,2379,Boreal Mountains and Plateaus
1991,1596,Boreal Mountains and Plateaus
1992,1754,Boreal Mountains and Plateaus
1993,1788,Boreal Mountains and Plateaus
1994,1690,Boreal Mountains and Plateaus
1995,1895,Boreal Mountains and Plateaus
1996,1602,Boreal Mountains and Plateaus
1997,1148,Boreal Mountains and Plateaus
1998,1601,Boreal Mountains and Plateaus
1999,1036,Boreal Mountains and Plateaus
2000,1165,Boreal Mountains and Plateaus
2001,1107,Boreal Mountains and Plateaus
2002,1063,Boreal Mountains and Plateaus
2003,477,Boreal Mountains and Plateaus
2004,1101,Boreal Mountains and Plateaus
2005,261,Boreal Mountains and Plateaus
2006,452,Boreal Mountains and Plateaus
2007,506,Boreal Mountains and Plateaus
2008,502,Boreal Mountains and Plateaus
2009,0,Boreal Mountains and Plateaus
2010,0,Boreal Mountains and Plateaus
2011,11,Boreal Mountains and Plateaus
2012,19,Boreal Mountains and Plateaus
2013,159,Boreal Mountains and Plateaus
2014,0,Boreal Mountains and Plateaus
2015,0,Boreal Mountains and Plateaus
2016,243,Boreal Mountains and Plateaus
2017,30,Boreal Mountains and Plateaus
2018,563,Boreal Mountains and Plateaus
2019,124,Boreal Mountains and Plateaus
1970,41,Boundary Ranges
1971,0,Boundary Ranges
1972,264,Boundary Ranges
1973,0,Boundary Ranges
1974,107,Boundary Ranges
1975,22,Boundary Ranges
1976,16,Boundary Ranges
1977,0,Boundary Ranges
1978,0,Boundary Ranges
1979,57,Boundary Ranges
1980,0,Boundary Ranges
1981,0,Boundary Ranges
1982,0,Boundary Ranges
1983,0,Boundary Ranges
1984,9,Boundary Ranges
1985,0,Boundary Ranges
1986,263,Boundary Ranges
1987,53,Boundary Ranges
1988,0,Boundary Ranges
1989,0,Boundary Ranges
1990,0,Boundary Ranges
1991,27,Boundary Ranges
1992,16,Boundary Ranges
1993,0,Boundary Ranges
1994,0,Boundary Ranges
1995,0,Boundary Ranges
1996,0,Boundary Ranges
1997,0,Boundary Ranges
1998,0,Boundary Ranges
1999,0,Boundary Ranges
2000,0,Boundary Ranges
2001,0,Boundary Ranges
2002,0,Boundary Ranges
2003,0,Boundary Ranges
2004,0,Boundary Ranges
2005,0,Boundary Ranges
2006,0,Boundary Ranges
2007,0,Boundary Ranges
2008,0,Boundary Ranges
2009,0,Boundary Ranges
2010,0,Boundary Ranges
2011,0,Boundary Ranges
2012,0,Boundary Ranges
2013,0,Boundary Ranges
2014,0,Boundary Ranges
2015,0,Boundary Ranges
2016,0,Boundary Ranges
2017,0,Boundary Ranges
2018,0,Boundary Ranges
2019,0,Boundary Ranges
1970,542,Central Alberta Upland
1971,633,Central Alberta Upland
1972,852,Central Alberta Upland
1973,2527,Central Alberta Upland
1974,1944,Central Alberta Upland
1975,1371,Central Alberta Upland
1976,2719,Central Alberta Upland
1977,2452,Central Alberta Upland
1978,2368,Central Alberta Upland
1979,1453,Central Alberta Upland
1980,3893,Central Alberta Upland
1981,1694,Central Alberta Upland
1982,2898,Central Alberta Upland
1983,2113,Central Alberta Upland
1984,3151,Central Alberta Upland
1985,4076,Central Alberta Upland
1986,3443,Central Alberta Upland
1987,4246,Central Alberta Upland
1988,3351,Central Alberta Upland
1989,3181,Central Alberta Upland
1990,2178,Central Alberta Upland
1991,2539,Central Alberta Upland
1992,2759,Central Alberta Upland
1993,1904,Central Alberta Upland
1994,2282,Central Alberta Upland
1995,1488,Central Alberta Upland
1996,1715,Central Alberta Upland
1997,1645,Central Alberta Upland
1998,1464,Central Alberta Upland
1999,1846,Central Alberta Upland
2000,987,Central Alberta Upland
2001,1599,Central Alberta Upland
2002,1563,Central Alberta Upland
2003,1370,Central Alberta Upland
2004,1281,Central Alberta Upland
2005,4447,Central Alberta Upland
2006,3495,Central Alberta Upland
2007,5999,Central Alberta Upland
2008,4919,Central Alberta Upland
2009,3171,Central Alberta Upland
2010,4149,Central Alberta Upland
2011,6676,Central Alberta Upland
2012,6051,Central Alberta Upland
2013,5177,Central Alberta Upland
2014,5059,Central Alberta Upland
2015,6011,Central Alberta Upland
2016,5251,Central Alberta Upland
2017,6588,Central Alberta Upland
2018,5406,Central Alberta Upland
2019,1007,Central Alberta Upland
1970,2284,Central Canadian Rocky Mountains
1971,1798,Central Canadian Rocky Mountains
1972,3037,Central Canadian Rocky Mountains
1973,3349,Central Canadian Rocky Mountains
1974,2148,Central Canadian Rocky Mountains
1975,2409,Central Canadian Rocky Mountains
1976,2841,Central Canadian Rocky Mountains
1977,3289,Central Canadian Rocky Mountains
1978,5641,Central Canadian Rocky Mountains
1979,4156,Central Canadian Rocky Mountains
1980,4307,Central Canadian Rocky Mountains
1981,2190,Central Canadian Rocky Mountains
1982,2038,Central Canadian Rocky Mountains
1983,2136,Central Canadian Rocky Mountains
1984,4274,Central Canadian Rocky Mountains
1985,4175,Central Canadian Rocky Mountains
1986,6766,Central Canadian Rocky Mountains
1987,6556,Central Canadian Rocky Mountains
1988,5544,Central Canadian Rocky Mountains
1989,4735,Central Canadian Rocky Mountains
1990,7753,Central Canadian Rocky Mountains
1991,4994,Central Canadian Rocky Mountains
1992,6084,Central Canadian Rocky Mountains
1993,5287,Central Canadian Rocky Mountains
1994,5025,Central Canadian Rocky Mountains
1995,5815,Central Canadian Rocky Mountains
1996,6095,Central Canadian Rocky Mountains
1997,6113,Central Canadian Rocky Mountains
1998,8207,Central Canadian Rocky Mountains
1999,8074,Central Canadian Rocky Mountains
2000,6139,Central Canadian Rocky Mountains
2001,4499,Central Canadian Rocky Mountains
2002,6051,Central Canadian Rocky Mountains
2003,5971,Central Canadian Rocky Mountains
2004,5292,Central Canadian Rocky Mountains
2005,3780,Central Canadian Rocky Mountains
2006,4775,Central Canadian Rocky Mountains
2007,3577,Central Canadian Rocky Mountains
2008,3045,Central Canadian Rocky Mountains
2009,2512,Central Canadian Rocky Mountains
2010,3653,Central Canadian Rocky Mountains
2011,4741,Central Canadian Rocky Mountains
2012,5290,Central Canadian Rocky Mountains
2013,4787,Central Canadian Rocky Mountains
2014,5170,Central Canadian Rocky Mountains
2015,5864,Central Canadian Rocky Mountains
2016,5835,Central Canadian Rocky Mountains
2017,6903,Central Canadian Rocky Mountains
2018,6053,Central Canadian Rocky Mountains
2019,1745,Central Canadian Rocky Mountains
1970,0,Chilcotin Ranges
1971,66,Chilcotin Ranges
1972,156,Chilcotin Ranges
1973,118,Chilcotin Ranges
1974,89,Chilcotin Ranges
1975,0,Chilcotin Ranges
1976,0,Chilcotin Ranges
1977,0,Chilcotin Ranges
1978,0,Chilcotin Ranges
1979,0,Chilcotin Ranges
1980,314,Chilcotin Ranges
1981,0,Chilcotin Ranges
1982,0,Chilcotin Ranges
1983,13,Chilcotin Ranges
1984,570,Chilcotin Ranges
1985,577,Chilcotin Ranges
1986,656,Chilcotin Ranges
1987,715,Chilcotin Ranges
1988,2138,Chilcotin Ranges
1989,1432,Chilcotin Ranges
1990,745,Chilcotin Ranges
1991,1316,Chilcotin Ranges
1992,646,Chilcotin Ranges
1993,1148,Chilcotin Ranges
1994,650,Chilcotin Ranges
1995,688,Chilcotin Ranges
1996,1849,Chilcotin Ranges
1997,1299,Chilcotin Ranges
1998,1229,Chilcotin Ranges
1999,1697,Chilcotin Ranges
2000,1030,Chilcotin Ranges
2001,1419,Chilcotin Ranges
2002,777,Chilcotin Ranges
2003,524,Chilcotin Ranges
2004,859,Chilcotin Ranges
2005,1074,Chilcotin Ranges
2006,389,Chilcotin Ranges
2007,688,Chilcotin Ranges
2008,1288,Chilcotin Ranges
2009,0,Chilcotin Ranges
2010,701,Chilcotin Ranges
2011,1241,Chilcotin Ranges
2012,1191,Chilcotin Ranges
2013,1965,Chilcotin Ranges
2014,2303,Chilcotin Ranges
2015,3353,Chilcotin Ranges
2016,3123,Chilcotin Ranges
2017,2088,Chilcotin Ranges
2018,554,Chilcotin Ranges
2019,50,Chilcotin Ranges
1970,1614,Coastal Gap
1971,814,Coastal Gap
1972,405,Coastal Gap
1973,1203,Coastal Gap
1974,686,Coastal Gap
1975,387,Coastal Gap
1976,673,Coastal Gap
1977,609,Coastal Gap
1978,1286,Coastal Gap
1979,1037,Coastal Gap
1980,1830,Coastal Gap
1981,1944,Coastal Gap
1982,1115,Coastal Gap
1983,1511,Coastal Gap
1984,2250,Coastal Gap
1985,2223,Coastal Gap
1986,2602,Coastal Gap
1987,3986,Coastal Gap
1988,4307,Coastal Gap
1989,3493,Coastal Gap
1990,2960,Coastal Gap
1991,2270,Coastal Gap
1992,3338,Coastal Gap
1993,2835,Coastal Gap
1994,2685,Coastal Gap
1995,3426,Coastal Gap
1996,2665,Coastal Gap
1997,3302,Coastal Gap
1998,2228,Coastal Gap
1999,2968,Coastal Gap
2000,3046,Coastal Gap
2001,2475,Coastal Gap
2002,2995,Coastal Gap
2003,2633,Coastal Gap
2004,3450,Coastal Gap
2005,2822,Coastal Gap
2006,3008,Coastal Gap
2007,3494,Coastal Gap
2008,2079,Coastal Gap
2009,778,Coastal Gap
2010,1168,Coastal Gap
2011,1058,Coastal Gap
2012,1126,Coastal Gap
2013,1830,Coastal Gap
2014,1657,Coastal Gap
2015,2730,Coastal Gap
2016,2960,Coastal Gap
2017,1259,Coastal Gap
2018,874,Coastal Gap
2019,40,Coastal Gap
1970,10781,Columbia Highlands
1971,12400,Columbia Highlands
1972,14593,Columbia Highlands
1973,15770,Columbia Highlands
1974,12020,Columbia Highlands
1975,14239,Columbia Highlands
1976,16245,Columbia Highlands
1977,22384,Columbia Highlands
1978,16406,Columbia Highlands
1979,16043,Columbia Highlands
1980,17055,Columbia Highlands
1981,19932,Columbia Highlands
1982,17707,Columbia Highlands
1983,24377,Columbia Highlands
1984,23556,Columbia Highlands
1985,23348,Columbia Highlands
1986,19108,Columbia Highlands
1987,22197,Columbia Highlands
1988,16764,Columbia Highlands
1989,15093,Columbia Highlands
1990,13714,Columbia Highlands
1991,12810,Columbia Highlands
1992,14384,Columbia Highlands
1993,11672,Columbia Highlands
1994,13029,Columbia Highlands
1995,12064,Columbia Highlands
1996,13349,Columbia Highlands
1997,10967,Columbia Highlands
1998,11783,Columbia Highlands
1999,8925,Columbia Highlands
2000,10004,Columbia Highlands
2001,8705,Columbia Highlands
2002,9962,Columbia Highlands
2003,9818,Columbia Highlands
2004,12980,Columbia Highlands
2005,14411,Columbia Highlands
2006,12647,Columbia Highlands
2007,11914,Columbia Highlands
2008,11822,Columbia Highlands
2009,10780,Columbia Highlands
2010,10410,Columbia Highlands
2011,12855,Columbia Highlands
2012,14821,Columbia Highlands
2013,15383,Columbia Highlands
2014,14694,Columbia Highlands
2015,16803,Columbia Highlands
2016,15428,Columbia Highlands
2017,18083,Columbia Highlands
2018,11877,Columbia Highlands
2019,1662,Columbia Highlands
1970,0,Eastern Continental Ranges
1971,0,Eastern Continental Ranges
1972,0,Eastern Continental Ranges
1973,0,Eastern Continental Ranges
1974,0,Eastern Continental Ranges
1975,0,Eastern Continental Ranges
1976,0,Eastern Continental Ranges
1977,0,Eastern Continental Ranges
1978,0,Eastern Continental Ranges
1979,0,Eastern Continental Ranges
1980,0,Eastern Continental Ranges
1981,0,Eastern Continental Ranges
1982,0,Eastern Continental Ranges
1983,0,Eastern Continental Ranges
1984,0,Eastern Continental Ranges
1985,0,Eastern Continental Ranges
1986,0,Eastern Continental Ranges
1987,0,Eastern Continental Ranges
1988,0,Eastern Continental Ranges
1989,0,Eastern Continental Ranges
1990,0,Eastern Continental Ranges
1991,279,Eastern Continental Ranges
1992,0,Eastern Continental Ranges
1993,138,Eastern Continental Ranges
1994,0,Eastern Continental Ranges
1995,122,Eastern Continental Ranges
1996,94,Eastern Continental Ranges
1997,0,Eastern Continental Ranges
1998,0,Eastern Continental Ranges
1999,0,Eastern Continental Ranges
2000,0,Eastern Continental Ranges
2001,124,Eastern Continental Ranges
2002,116,Eastern Continental Ranges
2003,35,Eastern Continental Ranges
2004,0,Eastern Continental Ranges
2005,113,Eastern Continental Ranges
2006,0,Eastern Continental Ranges
2007,0,Eastern Continental Ranges
2008,0,Eastern Continental Ranges
2009,0,Eastern Continental Ranges
2010,3,Eastern Continental Ranges
2011,6,Eastern Continental Ranges
2012,0,Eastern Continental Ranges
2013,0,Eastern Continental Ranges
2014,0,Eastern Continental Ranges
2015,0,Eastern Continental Ranges
2016,251,Eastern Continental Ranges
2017,0,Eastern Continental Ranges
2018,0,Eastern Continental Ranges
2019,0,Eastern Continental Ranges
1970,2557,Eastern Hazelton Mountains
1971,1675,Eastern Hazelton Mountains
1972,2359,Eastern Hazelton Mountains
1973,2347,Eastern Hazelton Mountains
1974,1114,Eastern Hazelton Mountains
1975,253,Eastern Hazelton Mountains
1976,703,Eastern Hazelton Mountains
1977,899,Eastern Hazelton Mountains
1978,2055,Eastern Hazelton Mountains
1979,2913,Eastern Hazelton Mountains
1980,2559,Eastern Hazelton Mountains
1981,2426,Eastern Hazelton Mountains
1982,2275,Eastern Hazelton Mountains
1983,1379,Eastern Hazelton Mountains
1984,1822,Eastern Hazelton Mountains
1985,2593,Eastern Hazelton Mountains
1986,1478,Eastern Hazelton Mountains
1987,2735,Eastern Hazelton Mountains
1988,3411,Eastern Hazelton Mountains
1989,2831,Eastern Hazelton Mountains
1990,3872,Eastern Hazelton Mountains
1991,3164,Eastern Hazelton Mountains
1992,2940,Eastern Hazelton Mountains
1993,2339,Eastern Hazelton Mountains
1994,2033,Eastern Hazelton Mountains
1995,2624,Eastern Hazelton Mountains
1996,3449,Eastern Hazelton Mountains
1997,3210,Eastern Hazelton Mountains
1998,3554,Eastern Hazelton Mountains
1999,3619,Eastern Hazelton Mountains
2000,3200,Eastern Hazelton Mountains
2001,2265,Eastern Hazelton Mountains
2002,2319,Eastern Hazelton Mountains
2003,3392,Eastern Hazelton Mountains
2004,2295,Eastern Hazelton Mountains
2005,4078,Eastern Hazelton Mountains
2006,2674,Eastern Hazelton Mountains
2007,2765,Eastern Hazelton Mountains
2008,4867,Eastern Hazelton Mountains
2009,4724,Eastern Hazelton Mountains
2010,4980,Eastern Hazelton Mountains
2011,4307,Eastern Hazelton Mountains
2012,5541,Eastern Hazelton Mountains
2013,4647,Eastern Hazelton Mountains
2014,4122,Eastern Hazelton Mountains
2015,3791,Eastern Hazelton Mountains
2016,4299,Eastern Hazelton Mountains
2017,4057,Eastern Hazelton Mountains
2018,2319,Eastern Hazelton Mountains
2019,694,Eastern Hazelton Mountains
1970,1015,Eastern Vancouver Island
1971,1136,Eastern Vancouver Island
1972,928,Eastern Vancouver Island
1973,1157,Eastern Vancouver Island
1974,1450,Eastern Vancouver Island
1975,813,Eastern Vancouver Island
1976,1269,Eastern Vancouver Island
1977,1171,Eastern Vancouver Island
1978,1290,Eastern Vancouver Island
1979,1178,Eastern Vancouver Island
1980,1108,Eastern Vancouver Island
1981,1271,Eastern Vancouver Island
1982,864,Eastern Vancouver Island
1983,964,Eastern Vancouver Island
1984,1800,Eastern Vancouver Island
1985,1146,Eastern Vancouver Island
1986,1727,Eastern Vancouver Island
1987,1744,Eastern Vancouver Island
1988,2412,Eastern Vancouver Island
1989,1561,Eastern Vancouver Island
1990,1623,Eastern Vancouver Island
1991,1159,Eastern Vancouver Island
1992,1956,Eastern Vancouver Island
1993,1122,Eastern Vancouver Island
1994,1461,Eastern Vancouver Island
1995,1344,Eastern Vancouver Island
1996,1408,Eastern Vancouver Island
1997,1217,Eastern Vancouver Island
1998,1089,Eastern Vancouver Island
1999,2508,Eastern Vancouver Island
2000,2109,Eastern Vancouver Island
2001,1961,Eastern Vancouver Island
2002,2320,Eastern Vancouver Island
2003,2764,Eastern Vancouver Island
2004,3976,Eastern Vancouver Island
2005,3716,Eastern Vancouver Island
2006,2682,Eastern Vancouver Island
2007,1748,Eastern Vancouver Island
2008,1417,Eastern Vancouver Island
2009,1687,Eastern Vancouver Island
2010,1985,Eastern Vancouver Island
2011,2896,Eastern Vancouver Island
2012,3172,Eastern Vancouver Island
2013,2740,Eastern Vancouver Island
2014,3309,Eastern Vancouver Island
2015,10056,Eastern Vancouver Island
2016,8474,Eastern Vancouver Island
2017,12843,Eastern Vancouver Island
2018,819,Eastern Vancouver Island
2019,1,Eastern Vancouver Island
1970,15119,Fraser Basin
1971,8401,Fraser Basin
1972,12664,Fraser Basin
1973,10933,Fraser Basin
1974,11605,Fraser Basin
1975,13386,Fraser Basin
1976,15321,Fraser Basin
1977,17229,Fraser Basin
1978,12956,Fraser Basin
1979,19895,Fraser Basin
1980,14079,Fraser Basin
1981,10484,Fraser Basin
1982,12882,Fraser Basin
1983,19907,Fraser Basin
1984,17717,Fraser Basin
1985,22476,Fraser Basin
1986,18661,Fraser Basin
1987,26779,Fraser Basin
1988,23931,Fraser Basin
1989,22324,Fraser Basin
1990,23703,Fraser Basin
1991,21657,Fraser Basin
1992,25151,Fraser Basin
1993,22455,Fraser Basin
1994,20433,Fraser Basin
1995,17075,Fraser Basin
1996,22113,Fraser Basin
1997,17469,Fraser Basin
1998,18610,Fraser Basin
1999,20014,Fraser Basin
2000,22143,Fraser Basin
2001,20199,Fraser Basin
2002,23121,Fraser Basin
2003,30808,Fraser Basin
2004,28385,Fraser Basin
2005,36387,Fraser Basin
2006,29033,Fraser Basin
2007,30648,Fraser Basin
2008,21405,Fraser Basin
2009,28195,Fraser Basin
2010,34554,Fraser Basin
2011,53818,Fraser Basin
2012,38250,Fraser Basin
2013,45582,Fraser Basin
2014,43088,Fraser Basin
2015,43731,Fraser Basin
2016,40422,Fraser Basin
2017,42631,Fraser Basin
2018,29632,Fraser Basin
2019,5514,Fraser Basin
1970,9994,Fraser Plateau
1971,12708,Fraser Plateau
1972,15829,Fraser Plateau
1973,15610,Fraser Plateau
1974,13349,Fraser Plateau
1975,17634,Fraser Plateau
1976,22593,Fraser Plateau
1977,24321,Fraser Plateau
1978,25751,Fraser Plateau
1979,23647,Fraser Plateau
1980,27411,Fraser Plateau
1981,22478,Fraser Plateau
1982,22597,Fraser Plateau
1983,28197,Fraser Plateau
1984,28419,Fraser Plateau
1985,35505,Fraser Plateau
1986,45625,Fraser Plateau
1987,50047,Fraser Plateau
1988,46934,Fraser Plateau
1989,40707,Fraser Plateau
1990,41217,Fraser Plateau
1991,40611,Fraser Plateau
1992,43990,Fraser Plateau
1993,37863,Fraser Plateau
1994,36468,Fraser Plateau
1995,36150,Fraser Plateau
1996,45406,Fraser Plateau
1997,44139,Fraser Plateau
1998,42327,Fraser Plateau
1999,57996,Fraser Plateau
2000,54120,Fraser Plateau
2001,53722,Fraser Plateau
2002,59906,Fraser Plateau
2003,76559,Fraser Plateau
2004,75175,Fraser Plateau
2005,82395,Fraser Plateau
2006,70476,Fraser Plateau
2007,74852,Fraser Plateau
2008,67566,Fraser Plateau
2009,44925,Fraser Plateau
2010,57745,Fraser Plateau
2011,52122,Fraser Plateau
2012,54663,Fraser Plateau
2013,58670,Fraser Plateau
2014,42822,Fraser Plateau
2015,55958,Fraser Plateau
2016,55416,Fraser Plateau
2017,36524,Fraser Plateau
2018,30257,Fraser Plateau
2019,4463,Fraser Plateau
1970,119,Georgia-Puget Basin
1971,37,Georgia-Puget Basin
1972,84,Georgia-Puget Basin
1973,218,Georgia-Puget Basin
1974,33,Georgia-Puget Basin
1975,67,Georgia-Puget Basin
1976,137,Georgia-Puget Basin
1977,73,Georgia-Puget Basin
1978,63,Georgia-Puget Basin
1979,144,Georgia-Puget Basin
1980,587,Georgia-Puget Basin
1981,82,Georgia-Puget Basin
1982,53,Georgia-Puget Basin
1983,136,Georgia-Puget Basin
1984,129,Georgia-Puget Basin
1985,164,Georgia-Puget Basin
1986,155,Georgia-Puget Basin
1987,169,Georgia-Puget Basin
1988,198,Georgia-Puget Basin
1989,33,Georgia-Puget Basin
1990,124,Georgia-Puget Basin
1991,80,Georgia-Puget Basin
1992,88,Georgia-Puget Basin
1993,66,Georgia-Puget Basin
1994,64,Georgia-Puget Basin
1995,145,Georgia-Puget Basin
1996,60,Georgia-Puget Basin
1997,119,Georgia-Puget Basin
1998,47,Georgia-Puget Basin
1999,110,Georgia-Puget Basin
2000,108,Georgia-Puget Basin
2001,177,Georgia-Puget Basin
2002,112,Georgia-Puget Basin
2003,205,Georgia-Puget Basin
2004,110,Georgia-Puget Basin
2005,104,Georgia-Puget Basin
2006,35,Georgia-Puget Basin
2007,100,Georgia-Puget Basin
2008,157,Georgia-Puget Basin
2009,55,Georgia-Puget Basin
2010,81,Georgia-Puget Basin
2011,49,Georgia-Puget Basin
2012,130,Georgia-Puget Basin
2013,75,Georgia-Puget Basin
2014,86,Georgia-Puget Basin
2015,157,Georgia-Puget Basin
2016,92,Georgia-Puget Basin
2017,68,Georgia-Puget Basin
2018,13,Georgia-Puget Basin
2019,24,Georgia-Puget Basin
1970,1848,Gwaii Haanas
1971,1853,Gwaii Haanas
1972,2198,Gwaii Haanas
1973,1824,Gwaii Haanas
1974,2939,Gwaii Haanas
1975,1554,Gwaii Haanas
1976,1976,Gwaii Haanas
1977,3464,Gwaii Haanas
1978,3109,Gwaii Haanas
1979,2715,Gwaii Haanas
1980,2832,Gwaii Haanas
1981,2635,Gwaii Haanas
1982,3578,Gwaii Haanas
1983,3677,Gwaii Haanas
1984,4303,Gwaii Haanas
1985,3510,Gwaii Haanas
1986,5200,Gwaii Haanas
1987,4259,Gwaii Haanas
1988,4081,Gwaii Haanas
1989,3521,Gwaii Haanas
1990,3602,Gwaii Haanas
1991,3778,Gwaii Haanas
1992,3404,Gwaii Haanas
1993,2021,Gwaii Haanas
1994,2336,Gwaii Haanas
1995,2382,Gwaii Haanas
1996,2259,Gwaii Haanas
1997,2154,Gwaii Haanas
1998,1107,Gwaii Haanas
1999,2271,Gwaii Haanas
2000,2285,Gwaii Haanas
2001,1539,Gwaii Haanas
2002,2403,Gwaii Haanas
2003,1897,Gwaii Haanas
2004,1899,Gwaii Haanas
2005,2067,Gwaii Haanas
2006,1937,Gwaii Haanas
2007,1444,Gwaii Haanas
2008,1537,Gwaii Haanas
2009,591,Gwaii Haanas
2010,1210,Gwaii Haanas
2011,993,Gwaii Haanas
2012,1567,Gwaii Haanas
2013,1946,Gwaii Haanas
2014,1486,Gwaii Haanas
2015,1363,Gwaii Haanas
2016,1678,Gwaii Haanas
2017,626,Gwaii Haanas
2018,179,Gwaii Haanas
2019,0,Gwaii Haanas
1970,0,Hay-Slave Lowland
1971,145,Hay-Slave Lowland
1972,0,Hay-Slave Lowland
1973,687,Hay-Slave Lowland
1974,691,Hay-Slave Lowland
1975,1805,Hay-Slave Lowland
1976,826,Hay-Slave Lowland
1977,3696,Hay-Slave Lowland
1978,3040,Hay-Slave Lowland
1979,2216,Hay-Slave Lowland
1980,1318,Hay-Slave Lowland
1981,1203,Hay-Slave Lowland
1982,2092,Hay-Slave Lowland
1983,2288,Hay-Slave Lowland
1984,696,Hay-Slave Lowland
1985,2416,Hay-Slave Lowland
1986,1262,Hay-Slave Lowland
1987,1960,Hay-Slave Lowland
1988,1399,Hay-Slave Lowland
1989,1087,Hay-Slave Lowland
1990,1805,Hay-Slave Lowland
1991,1849,Hay-Slave Lowland
1992,2145,Hay-Slave Lowland
1993,1793,Hay-Slave Lowland
1994,1252,Hay-Slave Lowland
1995,2121,Hay-Slave Lowland
1996,1292,Hay-Slave Lowland
1997,541,Hay-Slave Lowland
1998,1906,Hay-Slave Lowland
1999,1576,Hay-Slave Lowland
2000,1142,Hay-Slave Lowland
2001,2900,Hay-Slave Lowland
2002,3186,Hay-Slave Lowland
2003,2291,Hay-Slave Lowland
2004,2755,Hay-Slave Lowland
2005,2869,Hay-Slave Lowland
2006,1618,Hay-Slave Lowland
2007,625,Hay-Slave Lowland
2008,384,Hay-Slave Lowland
2009,1,Hay-Slave Lowland
2010,0,Hay-Slave Lowland
2011,0,Hay-Slave Lowland
2012,0,Hay-Slave Lowland
2013,0,Hay-Slave Lowland
2014,418,Hay-Slave Lowland
2015,0,Hay-Slave Lowland
2016,0,Hay-Slave Lowland
2017,0,Hay-Slave Lowland
2018,0,Hay-Slave Lowland
2019,0,Hay-Slave Lowland
1970,59,Hecate Continental Shelf
1971,57,Hecate Continental Shelf
1972,4,Hecate Continental Shelf
1973,7,Hecate Continental Shelf
1974,187,Hecate Continental Shelf
1975,121,Hecate Continental Shelf
1976,33,Hecate Continental Shelf
1977,5,Hecate Continental Shelf
1978,25,Hecate Continental Shelf
1979,61,Hecate Continental Shelf
1980,395,Hecate Continental Shelf
1981,16,Hecate Continental Shelf
1982,230,Hecate Continental Shelf
1983,72,Hecate Continental Shelf
1984,155,Hecate Continental Shelf
1985,0,Hecate Continental Shelf
1986,7,Hecate Continental Shelf
1987,79,Hecate Continental Shelf
1988,57,Hecate Continental Shelf
1989,0,Hecate Continental Shelf
1990,17,Hecate Continental Shelf
1991,3,Hecate Continental Shelf
1992,104,Hecate Continental Shelf
1993,146,Hecate Continental Shelf
1994,14,Hecate Continental Shelf
1995,0,Hecate Continental Shelf
1996,0,Hecate Continental Shelf
1997,0,Hecate Continental Shelf
1998,42,Hecate Continental Shelf
1999,4,Hecate Continental Shelf
2000,4,Hecate Continental Shelf
2001,12,Hecate Continental Shelf
2002,71,Hecate Continental Shelf
2003,22,Hecate Continental Shelf
2004,12,Hecate Continental Shelf
2005,12,Hecate Continental Shelf
2006,1,Hecate Continental Shelf
2007,2,Hecate Continental Shelf
2008,19,Hecate Continental Shelf
2009,1,Hecate Continental Shelf
2010,19,Hecate Continental Shelf
2011,18,Hecate Continental Shelf
2012,28,Hecate Continental Shelf
2013,35,Hecate Continental Shelf
2014,20,Hecate Continental Shelf
2015,26,Hecate Continental Shelf
2016,21,Hecate Continental Shelf
2017,21,Hecate Continental Shelf
2018,10,Hecate Continental Shelf
2019,0,Hecate Continental Shelf
1970,0,Inner Pacific Shelf
1971,115,Inner Pacific Shelf
1972,0,Inner Pacific Shelf
1973,6,Inner Pacific Shelf
1974,0,Inner Pacific Shelf
1975,0,Inner Pacific Shelf
1976,56,Inner Pacific Shelf
1977,19,Inner Pacific Shelf
1978,0,Inner Pacific Shelf
1979,50,Inner Pacific Shelf
1980,0,Inner Pacific Shelf
1981,29,Inner Pacific Shelf
1982,4,Inner Pacific Shelf
1983,51,Inner Pacific Shelf
1984,7,Inner Pacific Shelf
1985,143,Inner Pacific Shelf
1986,130,Inner Pacific Shelf
1987,162,Inner Pacific Shelf
1988,113,Inner Pacific Shelf
1989,0,Inner Pacific Shelf
1990,68,Inner Pacific Shelf
1991,17,Inner Pacific Shelf
1992,106,Inner Pacific Shelf
1993,17,Inner Pacific Shelf
1994,59,Inner Pacific Shelf
1995,7,Inner Pacific Shelf
1996,2,Inner Pacific Shelf
1997,80,Inner Pacific Shelf
1998,28,Inner Pacific Shelf
1999,67,Inner Pacific Shelf
2000,24,Inner Pacific Shelf
2001,10,Inner Pacific Shelf
2002,70,Inner Pacific Shelf
2003,11,Inner Pacific Shelf
2004,10,Inner Pacific Shelf
2005,11,Inner Pacific Shelf
2006,17,Inner Pacific Shelf
2007,38,Inner Pacific Shelf
2008,1,Inner Pacific Shelf
2009,2,Inner Pacific Shelf
2010,2,Inner Pacific Shelf
2011,2,Inner Pacific Shelf
2012,2,Inner Pacific Shelf
2013,87,Inner Pacific Shelf
2014,9,Inner Pacific Shelf
2015,6,Inner Pacific Shelf
2016,12,Inner Pacific Shelf
2017,8,Inner Pacific Shelf
2018,0,Inner Pacific Shelf
2019,0,Inner Pacific Shelf
1970,976,Interior Transition Ranges
1971,997,Interior Transition Ranges
1972,1356,Interior Transition Ranges
1973,2062,Interior Transition Ranges
1974,1420,Interior Transition Ranges
1975,363,Interior Transition Ranges
1976,2212,Interior Transition Ranges
1977,2232,Interior Transition Ranges
1978,2146,Interior Transition Ranges
1979,2476,Interior Transition Ranges
1980,2408,Interior Transition Ranges
1981,2102,Interior Transition Ranges
1982,2492,Interior Transition Ranges
1983,2822,Interior Transition Ranges
1984,3004,Interior Transition Ranges
1985,2962,Interior Transition Ranges
1986,2689,Interior Transition Ranges
1987,3936,Interior Transition Ranges
1988,3005,Interior Transition Ranges
1989,2613,Interior Transition Ranges
1990,2331,Interior Transition Ranges
1991,1885,Interior Transition Ranges
1992,2227,Interior Transition Ranges
1993,2399,Interior Transition Ranges
1994,1844,Interior Transition Ranges
1995,2748,Interior Transition Ranges
1996,1559,Interior Transition Ranges
1997,1538,Interior Transition Ranges
1998,1979,Interior Transition Ranges
1999,1970,Interior Transition Ranges
2000,1555,Interior Transition Ranges
2001,1531,Interior Transition Ranges
2002,1886,Interior Transition Ranges
2003,2408,Interior Transition Ranges
2004,2527,Interior Transition Ranges
2005,2002,Interior Transition Ranges
2006,1278,Interior Transition Ranges
2007,1455,Interior Transition Ranges
2008,1500,Interior Transition Ranges
2009,419,Interior Transition Ranges
2010,541,Interior Transition Ranges
2011,1610,Interior Transition Ranges
2012,825,Interior Transition Ranges
2013,1785,Interior Transition Ranges
2014,1677,Interior Transition Ranges
2015,2493,Interior Transition Ranges
2016,1197,Interior Transition Ranges
2017,1512,Interior Transition Ranges
2018,574,Interior Transition Ranges
2019,12,Interior Transition Ranges
1970,0,Liard Basin
1971,0,Liard Basin
1972,0,Liard Basin
1973,0,Liard Basin
1974,0,Liard Basin
1975,0,Liard Basin
1976,0,Liard Basin
1977,0,Liard Basin
1978,0,Liard Basin
1979,0,Liard Basin
1980,0,Liard Basin
1981,266,Liard Basin
1982,8,Liard Basin
1983,33,Liard Basin
1984,20,Liard Basin
1985,483,Liard Basin
1986,67,Liard Basin
1987,21,Liard Basin
1988,44,Liard Basin
1989,0,Liard Basin
1990,0,Liard Basin
1991,0,Liard Basin
1992,19,Liard Basin
1993,0,Liard Basin
1994,169,Liard Basin
1995,0,Liard Basin
1996,0,Liard Basin
1997,97,Liard Basin
1998,0,Liard Basin
1999,0,Liard Basin
2000,0,Liard Basin
2001,0,Liard Basin
2002,0,Liard Basin
2003,0,Liard Basin
2004,0,Liard Basin
2005,0,Liard Basin
2006,0,Liard Basin
2007,0,Liard Basin
2008,0,Liard Basin
2009,0,Liard Basin
2010,0,Liard Basin
2011,0,Liard Basin
2012,0,Liard Basin
2013,0,Liard Basin
2014,0,Liard Basin
2015,0,Liard Basin
2016,0,Liard Basin
2017,0,Liard Basin
2018,0,Liard Basin
2019,0,Liard Basin
1970,101,Lower Mainland
1971,170,Lower Mainland
1972,270,Lower Mainland
1973,21,Lower Mainland
1974,37,Lower Mainland
1975,76,Lower Mainland
1976,89,Lower Mainland
1977,16,Lower Mainland
1978,123,Lower Mainland
1979,267,Lower Mainland
1980,82,Lower Mainland
1981,315,Lower Mainland
1982,243,Lower Mainland
1983,393,Lower Mainland
1984,469,Lower Mainland
1985,407,Lower Mainland
1986,698,Lower Mainland
1987,630,Lower Mainland
1988,419,Lower Mainland
1989,535,Lower Mainland
1990,467,Lower Mainland
1991,378,Lower Mainland
1992,432,Lower Mainland
1993,510,Lower Mainland
1994,294,Lower Mainland
1995,283,Lower Mainland
1996,315,Lower Mainland
1997,256,Lower Mainland
1998,597,Lower Mainland
1999,561,Lower Mainland
2000,613,Lower Mainland
2001,681,Lower Mainland
2002,555,Lower Mainland
2003,843,Lower Mainland
2004,773,Lower Mainland
2005,773,Lower Mainland
2006,767,Lower Mainland
2007,422,Lower Mainland
2008,202,Lower Mainland
2009,667,Lower Mainland
2010,719,Lower Mainland
2011,568,Lower Mainland
2012,740,Lower Mainland
2013,600,Lower Mainland
2014,454,Lower Mainland
2015,594,Lower Mainland
2016,669,Lower Mainland
2017,796,Lower Mainland
2018,180,Lower Mainland
2019,23,Lower Mainland
1970,0,Muskwa Plateau
1971,19,Muskwa Plateau
1972,0,Muskwa Plateau
1973,0,Muskwa Plateau
1974,204,Muskwa Plateau
1975,0,Muskwa Plateau
1976,0,Muskwa Plateau
1977,156,Muskwa Plateau
1978,692,Muskwa Plateau
1979,1766,Muskwa Plateau
1980,410,Muskwa Plateau
1981,1094,Muskwa Plateau
1982,144,Muskwa Plateau
1983,636,Muskwa Plateau
1984,3119,Muskwa Plateau
1985,547,Muskwa Plateau
1986,2554,Muskwa Plateau
1987,965,Muskwa Plateau
1988,1154,Muskwa Plateau
1989,1766,Muskwa Plateau
1990,1750,Muskwa Plateau
1991,1005,Muskwa Plateau
1992,1028,Muskwa Plateau
1993,765,Muskwa Plateau
1994,2167,Muskwa Plateau
1995,2489,Muskwa Plateau
1996,2760,Muskwa Plateau
1997,4731,Muskwa Plateau
1998,3872,Muskwa Plateau
1999,3340,Muskwa Plateau
2000,3037,Muskwa Plateau
2001,2829,Muskwa Plateau
2002,3890,Muskwa Plateau
2003,3284,Muskwa Plateau
2004,2426,Muskwa Plateau
2005,2688,Muskwa Plateau
2006,2664,Muskwa Plateau
2007,1606,Muskwa Plateau
2008,942,Muskwa Plateau
2009,0,Muskwa Plateau
2010,9,Muskwa Plateau
2011,532,Muskwa Plateau
2012,653,Muskwa Plateau
2013,637,Muskwa Plateau
2014,1581,Muskwa Plateau
2015,786,Muskwa Plateau
2016,1042,Muskwa Plateau
2017,1652,Muskwa Plateau
2018,1411,Muskwa Plateau
2019,623,Muskwa Plateau
1970,3964,Nass Ranges
1971,3171,Nass Ranges
1972,3590,Nass Ranges
1973,5873,Nass Ranges
1974,4126,Nass Ranges
1975,2764,Nass Ranges
1976,3545,Nass Ranges
1977,3330,Nass Ranges
1978,3112,Nass Ranges
1979,3440,Nass Ranges
1980,4923,Nass Ranges
1981,2773,Nass Ranges
1982,3264,Nass Ranges
1983,2452,Nass Ranges
1984,5881,Nass Ranges
1985,6831,Nass Ranges
1986,11954,Nass Ranges
1987,12020,Nass Ranges
1988,10781,Nass Ranges
1989,10543,Nass Ranges
1990,10999,Nass Ranges
1991,6277,Nass Ranges
1992,6540,Nass Ranges
1993,7700,Nass Ranges
1994,7215,Nass Ranges
1995,7671,Nass Ranges
1996,4868,Nass Ranges
1997,5210,Nass Ranges
1998,4155,Nass Ranges
1999,5177,Nass Ranges
2000,4605,Nass Ranges
2001,3188,Nass Ranges
2002,2270,Nass Ranges
2003,2207,Nass Ranges
2004,2056,Nass Ranges
2005,2975,Nass Ranges
2006,1899,Nass Ranges
2007,2844,Nass Ranges
2008,1958,Nass Ranges
2009,1699,Nass Ranges
2010,3123,Nass Ranges
2011,3654,Nass Ranges
2012,1248,Nass Ranges
2013,2168,Nass Ranges
2014,1860,Nass Ranges
2015,2006,Nass Ranges
2016,2277,Nass Ranges
2017,2844,Nass Ranges
2018,1377,Nass Ranges
2019,40,Nass Ranges
1970,0,Northern Alberta Upland
1971,0,Northern Alberta Upland
1972,0,Northern Alberta Upland
1973,0,Northern Alberta Upland
1974,0,Northern Alberta Upland
1975,0,Northern Alberta Upland
1976,0,Northern Alberta Upland
1977,0,Northern Alberta Upland
1978,178,Northern Alberta Upland
1979,0,Northern Alberta Upland
1980,185,Northern Alberta Upland
1981,0,Northern Alberta Upland
1982,0,Northern Alberta Upland
1983,0,Northern Alberta Upland
1984,690,Northern Alberta Upland
1985,153,Northern Alberta Upland
1986,94,Northern Alberta Upland
1987,776,Northern Alberta Upland
1988,340,Northern Alberta Upland
1989,1207,Northern Alberta Upland
1990,581,Northern Alberta Upland
1991,190,Northern Alberta Upland
1992,774,Northern Alberta Upland
1993,1083,Northern Alberta Upland
1994,882,Northern Alberta Upland
1995,1450,Northern Alberta Upland
1996,863,Northern Alberta Upland
1997,986,Northern Alberta Upland
1998,407,Northern Alberta Upland
1999,868,Northern Alberta Upland
2000,1304,Northern Alberta Upland
2001,382,Northern Alberta Upland
2002,617,Northern Alberta Upland
2003,1176,Northern Alberta Upland
2004,1310,Northern Alberta Upland
2005,793,Northern Alberta Upland
2006,235,Northern Alberta Upland
2007,0,Northern Alberta Upland
2008,0,Northern Alberta Upland
2009,0,Northern Alberta Upland
2010,0,Northern Alberta Upland
2011,0,Northern Alberta Upland
2012,0,Northern Alberta Upland
2013,0,Northern Alberta Upland
2014,8,Northern Alberta Upland
2015,0,Northern Alberta Upland
2016,0,Northern Alberta Upland
2017,32,Northern Alberta Upland
2018,0,Northern Alberta Upland
2019,0,Northern Alberta Upland
1970,0,Northern Canadian Rocky Mountains
1971,0,Northern Canadian Rocky Mountains
1972,0,Northern Canadian Rocky Mountains
1973,0,Northern Canadian Rocky Mountains
1974,0,Northern Canadian Rocky Mountains
1975,0,Northern Canadian Rocky Mountains
1976,0,Northern Canadian Rocky Mountains
1977,0,Northern Canadian Rocky Mountains
1978,0,Northern Canadian Rocky Mountains
1979,0,Northern Canadian Rocky Mountains
1980,0,Northern Canadian Rocky Mountains
1981,0,Northern Canadian Rocky Mountains
1982,0,Northern Canadian Rocky Mountains
1983,0,Northern Canadian Rocky Mountains
1984,0,Northern Canadian Rocky Mountains
1985,0,Northern Canadian Rocky Mountains
1986,0,Northern Canadian Rocky Mountains
1987,0,Northern Canadian Rocky Mountains
1988,0,Northern Canadian Rocky Mountains
1989,0,Northern Canadian Rocky Mountains
1990,39,Northern Canadian Rocky Mountains
1991,121,Northern Canadian Rocky Mountains
1992,365,Northern Canadian Rocky Mountains
1993,249,Northern Canadian Rocky Mountains
1994,503,Northern Canadian Rocky Mountains
1995,86,Northern Canadian Rocky Mountains
1996,28,Northern Canadian Rocky Mountains
1997,282,Northern Canadian Rocky Mountains
1998,153,Northern Canadian Rocky Mountains
1999,245,Northern Canadian Rocky Mountains
2000,708,Northern Canadian Rocky Mountains
2001,302,Northern Canadian Rocky Mountains
2002,522,Northern Canadian Rocky Mountains
2003,369,Northern Canadian Rocky Mountains
2004,0,Northern Canadian Rocky Mountains
2005,164,Northern Canadian Rocky Mountains
2006,268,Northern Canadian Rocky Mountains
2007,0,Northern Canadian Rocky Mountains
2008,0,Northern Canadian Rocky Mountains
2009,0,Northern Canadian Rocky Mountains
2010,0,Northern Canadian Rocky Mountains
2011,0,Northern Canadian Rocky Mountains
2012,0,Northern Canadian Rocky Mountains
2013,0,Northern Canadian Rocky Mountains
2014,0,Northern Canadian Rocky Mountains
2015,0,Northern Canadian Rocky Mountains
2016,0,Northern Canadian Rocky Mountains
2017,0,Northern Canadian Rocky Mountains
2018,0,Northern Canadian Rocky Mountains
2019,99,Northern Canadian Rocky Mountains
1970,1752,Northern Cascade Ranges
1971,2005,Northern Cascade Ranges
1972,1639,Northern Cascade Ranges
1973,2996,Northern Cascade Ranges
1974,1641,Northern Cascade Ranges
1975,1928,Northern Cascade Ranges
1976,3239,Northern Cascade Ranges
1977,3344,Northern Cascade Ranges
1978,3672,Northern Cascade Ranges
1979,3242,Northern Cascade Ranges
1980,3519,Northern Cascade Ranges
1981,3048,Northern Cascade Ranges
1982,2755,Northern Cascade Ranges
1983,2623,Northern Cascade Ranges
1984,3689,Northern Cascade Ranges
1985,4700,Northern Cascade Ranges
1986,3945,Northern Cascade Ranges
1987,2913,Northern Cascade Ranges
1988,3131,Northern Cascade Ranges
1989,2560,Northern Cascade Ranges
1990,3732,Northern Cascade Ranges
1991,3067,Northern Cascade Ranges
1992,2682,Northern Cascade Ranges
1993,3266,Northern Cascade Ranges
1994,3213,Northern Cascade Ranges
1995,2995,Northern Cascade Ranges
1996,2643,Northern Cascade Ranges
1997,3441,Northern Cascade Ranges
1998,4259,Northern Cascade Ranges
1999,6441,Northern Cascade Ranges
2000,7255,Northern Cascade Ranges
2001,4834,Northern Cascade Ranges
2002,3775,Northern Cascade Ranges
2003,4067,Northern Cascade Ranges
2004,2816,Northern Cascade Ranges
2005,3126,Northern Cascade Ranges
2006,3592,Northern Cascade Ranges
2007,4109,Northern Cascade Ranges
2008,4266,Northern Cascade Ranges
2009,4324,Northern Cascade Ranges
2010,8784,Northern Cascade Ranges
2011,7003,Northern Cascade Ranges
2012,6872,Northern Cascade Ranges
2013,6611,Northern Cascade Ranges
2014,6891,Northern Cascade Ranges
2015,7876,Northern Cascade Ranges
2016,5988,Northern Cascade Ranges
2017,4160,Northern Cascade Ranges
2018,3146,Northern Cascade Ranges
2019,91,Northern Cascade Ranges
1970,5119,Northern Columbia Mountains
1971,4569,Northern Columbia Mountains
1972,6985,Northern Columbia Mountains
1973,13205,Northern Columbia Mountains
1974,7551,Northern Columbia Mountains
1975,5141,Northern Columbia Mountains
1976,6479,Northern Columbia Mountains
1977,8800,Northern Columbia Mountains
1978,8235,Northern Columbia Mountains
1979,7240,Northern Columbia Mountains
1980,8869,Northern Columbia Mountains
1981,7179,Northern Columbia Mountains
1982,6295,Northern Columbia Mountains
1983,11319,Northern Columbia Mountains
1984,8506,Northern Columbia Mountains
1985,10702,Northern Columbia Mountains
1986,11378,Northern Columbia Mountains
1987,12713,Northern Columbia Mountains
1988,11208,Northern Columbia Mountains
1989,10199,Northern Columbia Mountains
1990,7894,Northern Columbia Mountains
1991,7505,Northern Columbia Mountains
1992,9591,Northern Columbia Mountains
1993,8845,Northern Columbia Mountains
1994,7026,Northern Columbia Mountains
1995,6731,Northern Columbia Mountains
1996,8492,Northern Columbia Mountains
1997,7994,Northern Columbia Mountains
1998,6745,Northern Columbia Mountains
1999,8975,Northern Columbia Mountains
2000,9702,Northern Columbia Mountains
2001,7747,Northern Columbia Mountains
2002,8207,Northern Columbia Mountains
2003,8162,Northern Columbia Mountains
2004,13215,Northern Columbia Mountains
2005,8321,Northern Columbia Mountains
2006,8295,Northern Columbia Mountains
2007,8353,Northern Columbia Mountains
2008,6139,Northern Columbia Mountains
2009,4234,Northern Columbia Mountains
2010,6257,Northern Columbia Mountains
2011,6127,Northern Columbia Mountains
2012,4973,Northern Columbia Mountains
2013,6053,Northern Columbia Mountains
2014,6372,Northern Columbia Mountains
2015,6526,Northern Columbia Mountains
2016,7068,Northern Columbia Mountains
2017,7309,Northern Columbia Mountains
2018,4887,Northern Columbia Mountains
2019,308,Northern Columbia Mountains
1970,999,Northern Continental Divide
1971,1141,Northern Continental Divide
1972,1430,Northern Continental Divide
1973,1529,Northern Continental Divide
1974,476,Northern Continental Divide
1975,358,Northern Continental Divide
1976,524,Northern Continental Divide
1977,858,Northern Continental Divide
1978,1454,Northern Continental Divide
1979,371,Northern Continental Divide
1980,1578,Northern Continental Divide
1981,642,Northern Continental Divide
1982,348,Northern Continental Divide
1983,2092,Northern Continental Divide
1984,630,Northern Continental Divide
1985,1199,Northern Continental Divide
1986,1985,Northern Continental Divide
1987,594,Northern Continental Divide
1988,409,Northern Continental Divide
1989,241,Northern Continental Divide
1990,285,Northern Continental Divide
1991,565,Northern Continental Divide
1992,736,Northern Continental Divide
1993,857,Northern Continental Divide
1994,560,Northern Continental Divide
1995,328,Northern Continental Divide
1996,335,Northern Continental Divide
1997,416,Northern Continental Divide
1998,745,Northern Continental Divide
1999,913,Northern Continental Divide
2000,1233,Northern Continental Divide
2001,885,Northern Continental Divide
2002,1601,Northern Continental Divide
2003,668,Northern Continental Divide
2004,1409,Northern Continental Divide
2005,1074,Northern Continental Divide
2006,1205,Northern Continental Divide
2007,1092,Northern Continental Divide
2008,1435,Northern Continental Divide
2009,978,Northern Continental Divide
2010,577,Northern Continental Divide
2011,929,Northern Continental Divide
2012,1184,Northern Continental Divide
2013,2193,Northern Continental Divide
2014,937,Northern Continental Divide
2015,2328,Northern Continental Divide
2016,3284,Northern Continental Divide
2017,2038,Northern Continental Divide
2018,958,Northern Continental Divide
2019,297,Northern Continental Divide
1970,91,Okanogan Highland
1971,85,Okanogan Highland
1972,0,Okanogan Highland
1973,233,Okanogan Highland
1974,39,Okanogan Highland
1975,0,Okanogan Highland
1976,0,Okanogan Highland
1977,0,Okanogan Highland
1978,0,Okanogan Highland
1979,111,Okanogan Highland
1980,7,Okanogan Highland
1981,122,Okanogan Highland
1982,215,Okanogan Highland
1983,47,Okanogan Highland
1984,33,Okanogan Highland
1985,358,Okanogan Highland
1986,391,Okanogan Highland
1987,382,Okanogan Highland
1988,51,Okanogan Highland
1989,57,Okanogan Highland
1990,223,Okanogan Highland
1991,245,Okanogan Highland
1992,47,Okanogan Highland
1993,73,Okanogan Highland
1994,0,Okanogan Highland
1995,76,Okanogan Highland
1996,91,Okanogan Highland
1997,144,Okanogan Highland
1998,401,Okanogan Highland
1999,129,Okanogan Highland
2000,334,Okanogan Highland
2001,279,Okanogan Highland
2002,246,Okanogan Highland
2003,39,Okanogan Highland
2004,239,Okanogan Highland
2005,111,Okanogan Highland
2006,54,Okanogan Highland
2007,98,Okanogan Highland
2008,8,Okanogan Highland
2009,0,Okanogan Highland
2010,0,Okanogan Highland
2011,0,Okanogan Highland
2012,150,Okanogan Highland
2013,36,Okanogan Highland
2014,18,Okanogan Highland
2015,288,Okanogan Highland
2016,302,Okanogan Highland
2017,164,Okanogan Highland
2018,77,Okanogan Highland
2019,28,Okanogan Highland
1970,1469,Omineca Mountains
1971,2436,Omineca Mountains
1972,4524,Omineca Mountains
1973,3094,Omineca Mountains
1974,4203,Omineca Mountains
1975,2558,Omineca Mountains
1976,3749,Omineca Mountains
1977,5839,Omineca Mountains
1978,4674,Omineca Mountains
1979,5103,Omineca Mountains
1980,6962,Omineca Mountains
1981,2085,Omineca Mountains
1982,3717,Omineca Mountains
1983,4314,Omineca Mountains
1984,5819,Omineca Mountains
1985,4509,Omineca Mountains
1986,4538,Omineca Mountains
1987,8915,Omineca Mountains
1988,6631,Omineca Mountains
1989,5473,Omineca Mountains
1990,3837,Omineca Mountains
1991,5740,Omineca Mountains
1992,5811,Omineca Mountains
1993,6501,Omineca Mountains
1994,6491,Omineca Mountains
1995,6250,Omineca Mountains
1996,4822,Omineca Mountains
1997,7134,Omineca Mountains
1998,5626,Omineca Mountains
1999,8550,Omineca Mountains
2000,8352,Omineca Mountains
2001,6552,Omineca Mountains
2002,8454,Omineca Mountains
2003,8584,Omineca Mountains
2004,7727,Omineca Mountains
2005,4791,Omineca Mountains
2006,5454,Omineca Mountains
2007,3979,Omineca Mountains
2008,1721,Omineca Mountains
2009,1343,Omineca Mountains
2010,2538,Omineca Mountains
2011,4609,Omineca Mountains
2012,6194,Omineca Mountains
2013,7636,Omineca Mountains
2014,5548,Omineca Mountains
2015,9305,Omineca Mountains
2016,11247,Omineca Mountains
2017,13705,Omineca Mountains
2018,10848,Omineca Mountains
2019,1051,Omineca Mountains
1970,8255,Pacific Ranges
1971,7940,Pacific Ranges
1972,7153,Pacific Ranges
1973,8881,Pacific Ranges
1974,7901,Pacific Ranges
1975,6967,Pacific Ranges
1976,8728,Pacific Ranges
1977,10099,Pacific Ranges
1978,11413,Pacific Ranges
1979,11937,Pacific Ranges
1980,9853,Pacific Ranges
1981,7738,Pacific Ranges
1982,8291,Pacific Ranges
1983,10041,Pacific Ranges
1984,9971,Pacific Ranges
1985,9337,Pacific Ranges
1986,13417,Pacific Ranges
1987,13262,Pacific Ranges
1988,12472,Pacific Ranges
1989,11140,Pacific Ranges
1990,8425,Pacific Ranges
1991,9528,Pacific Ranges
1992,8337,Pacific Ranges
1993,8621,Pacific Ranges
1994,7595,Pacific Ranges
1995,8359,Pacific Ranges
1996,6860,Pacific Ranges
1997,7931,Pacific Ranges
1998,5061,Pacific Ranges
1999,8305,Pacific Ranges
2000,8223,Pacific Ranges
2001,8170,Pacific Ranges
2002,7992,Pacific Ranges
2003,6824,Pacific Ranges
2004,9796,Pacific Ranges
2005,8405,Pacific Ranges
2006,8322,Pacific Ranges
2007,7172,Pacific Ranges
2008,4014,Pacific Ranges
2009,4686,Pacific Ranges
2010,7534,Pacific Ranges
2011,8434,Pacific Ranges
2012,7779,Pacific Ranges
2013,9587,Pacific Ranges
2014,8180,Pacific Ranges
2015,6736,Pacific Ranges
2016,6255,Pacific Ranges
2017,6142,Pacific Ranges
2018,3437,Pacific Ranges
2019,127,Pacific Ranges
1970,284,Peace River Basin
1971,352,Peace River Basin
1972,290,Peace River Basin
1973,283,Peace River Basin
1974,1122,Peace River Basin
1975,864,Peace River Basin
1976,518,Peace River Basin
1977,579,Peace River Basin
1978,88,Peace River Basin
1979,36,Peace River Basin
1980,341,Peace River Basin
1981,347,Peace River Basin
1982,158,Peace River Basin
1983,245,Peace River Basin
1984,543,Peace River Basin
1985,498,Peace River Basin
1986,445,Peace River Basin
1987,1069,Peace River Basin
1988,722,Peace River Basin
1989,612,Peace River Basin
1990,272,Peace River Basin
1991,837,Peace River Basin
1992,1030,Peace River Basin
1993,943,Peace River Basin
1994,951,Peace River Basin
1995,487,Peace River Basin
1996,376,Peace River Basin
1997,555,Peace River Basin
1998,488,Peace River Basin
1999,1679,Peace River Basin
2000,1512,Peace River Basin
2001,608,Peace River Basin
2002,2123,Peace River Basin
2003,1800,Peace River Basin
2004,1784,Peace River Basin
2005,2008,Peace River Basin
2006,4822,Peace River Basin
2007,2807,Peace River Basin
2008,2500,Peace River Basin
2009,1184,Peace River Basin
2010,2453,Peace River Basin
2011,2048,Peace River Basin
2012,1206,Peace River Basin
2013,804,Peace River Basin
2014,2685,Peace River Basin
2015,2605,Peace River Basin
2016,1637,Peace River Basin
2017,1107,Peace River Basin
2018,407,Peace River Basin
2019,240,Peace River Basin
1970,687,Purcell Transitional Ranges
1971,521,Purcell Transitional Ranges
1972,2010,Purcell Transitional Ranges
1973,2110,Purcell Transitional Ranges
1974,1160,Purcell Transitional Ranges
1975,789,Purcell Transitional Ranges
1976,706,Purcell Transitional Ranges
1977,844,Purcell Transitional Ranges
1978,897,Purcell Transitional Ranges
1979,715,Purcell Transitional Ranges
1980,971,Purcell Transitional Ranges
1981,1747,Purcell Transitional Ranges
1982,820,Purcell Transitional Ranges
1983,2091,Purcell Transitional Ranges
1984,1655,Purcell Transitional Ranges
1985,3597,Purcell Transitional Ranges
1986,3439,Purcell Transitional Ranges
1987,3380,Purcell Transitional Ranges
1988,2641,Purcell Transitional Ranges
1989,2473,Purcell Transitional Ranges
1990,1405,Purcell Transitional Ranges
1991,2309,Purcell Transitional Ranges
1992,2365,Purcell Transitional Ranges
1993,1848,Purcell Transitional Ranges
1994,1842,Purcell Transitional Ranges
1995,1690,Purcell Transitional Ranges
1996,2507,Purcell Transitional Ranges
1997,1743,Purcell Transitional Ranges
1998,1769,Purcell Transitional Ranges
1999,2377,Purcell Transitional Ranges
2000,2582,Purcell Transitional Ranges
2001,2480,Purcell Transitional Ranges
2002,2848,Purcell Transitional Ranges
2003,2791,Purcell Transitional Ranges
2004,3588,Purcell Transitional Ranges
2005,2522,Purcell Transitional Ranges
2006,3169,Purcell Transitional Ranges
2007,3100,Purcell Transitional Ranges
2008,2570,Purcell Transitional Ranges
2009,1715,Purcell Transitional Ranges
2010,2705,Purcell Transitional Ranges
2011,2909,Purcell Transitional Ranges
2012,2559,Purcell Transitional Ranges
2013,3404,Purcell Transitional Ranges
2014,2887,Purcell Transitional Ranges
2015,1937,Purcell Transitional Ranges
2016,1338,Purcell Transitional Ranges
2017,1772,Purcell Transitional Ranges
2018,1156,Purcell Transitional Ranges
2019,125,Purcell Transitional Ranges
1970,901,Selkirk-Bitterroot Foothills
1971,1258,Selkirk-Bitterroot Foothills
1972,1457,Selkirk-Bitterroot Foothills
1973,1065,Selkirk-Bitterroot Foothills
1974,1647,Selkirk-Bitterroot Foothills
1975,866,Selkirk-Bitterroot Foothills
1976,1587,Selkirk-Bitterroot Foothills
1977,1458,Selkirk-Bitterroot Foothills
1978,2806,Selkirk-Bitterroot Foothills
1979,2253,Selkirk-Bitterroot Foothills
1980,1379,Selkirk-Bitterroot Foothills
1981,2001,Selkirk-Bitterroot Foothills
1982,1737,Selkirk-Bitterroot Foothills
1983,2114,Selkirk-Bitterroot Foothills
1984,1676,Selkirk-Bitterroot Foothills
1985,2513,Selkirk-Bitterroot Foothills
1986,1282,Selkirk-Bitterroot Foothills
1987,3462,Selkirk-Bitterroot Foothills
1988,3553,Selkirk-Bitterroot Foothills
1989,2534,Selkirk-Bitterroot Foothills
1990,2427,Selkirk-Bitterroot Foothills
1991,2364,Selkirk-Bitterroot Foothills
1992,2778,Selkirk-Bitterroot Foothills
1993,3825,Selkirk-Bitterroot Foothills
1994,2619,Selkirk-Bitterroot Foothills
1995,3194,Selkirk-Bitterroot Foothills
1996,3780,Selkirk-Bitterroot Foothills
1997,3946,Selkirk-Bitterroot Foothills
1998,4159,Selkirk-Bitterroot Foothills
1999,4765,Selkirk-Bitterroot Foothills
2000,4270,Selkirk-Bitterroot Foothills
2001,4189,Selkirk-Bitterroot Foothills
2002,4139,Selkirk-Bitterroot Foothills
2003,3758,Selkirk-Bitterroot Foothills
2004,6419,Selkirk-Bitterroot Foothills
2005,4763,Selkirk-Bitterroot Foothills
2006,5137,Selkirk-Bitterroot Foothills
2007,3949,Selkirk-Bitterroot Foothills
2008,3105,Selkirk-Bitterroot Foothills
2009,2575,Selkirk-Bitterroot Foothills
2010,3722,Selkirk-Bitterroot Foothills
2011,4787,Selkirk-Bitterroot Foothills
2012,4275,Selkirk-Bitterroot Foothills
2013,3375,Selkirk-Bitterroot Foothills
2014,3804,Selkirk-Bitterroot Foothills
2015,4403,Selkirk-Bitterroot Foothills
2016,4790,Selkirk-Bitterroot Foothills
2017,3026,Selkirk-Bitterroot Foothills
2018,1468,Selkirk-Bitterroot Foothills
2019,346,Selkirk-Bitterroot Foothills
1970,10,Skeena Mountains
1971,423,Skeena Mountains
1972,95,Skeena Mountains
1973,294,Skeena Mountains
1974,122,Skeena Mountains
1975,261,Skeena Mountains
1976,491,Skeena Mountains
1977,736,Skeena Mountains
1978,725,Skeena Mountains
1979,962,Skeena Mountains
1980,518,Skeena Mountains
1981,1477,Skeena Mountains
1982,745,Skeena Mountains
1983,487,Skeena Mountains
1984,515,Skeena Mountains
1985,681,Skeena Mountains
1986,1949,Skeena Mountains
1987,1441,Skeena Mountains
1988,1397,Skeena Mountains
1989,850,Skeena Mountains
1990,1447,Skeena Mountains
1991,1646,Skeena Mountains
1992,1646,Skeena Mountains
1993,1284,Skeena Mountains
1994,1402,Skeena Mountains
1995,1543,Skeena Mountains
1996,2103,Skeena Mountains
1997,1335,Skeena Mountains
1998,1311,Skeena Mountains
1999,3356,Skeena Mountains
2000,1938,Skeena Mountains
2001,1213,Skeena Mountains
2002,1191,Skeena Mountains
2003,113,Skeena Mountains
2004,354,Skeena Mountains
2005,572,Skeena Mountains
2006,589,Skeena Mountains
2007,1365,Skeena Mountains
2008,196,Skeena Mountains
2009,97,Skeena Mountains
2010,427,Skeena Mountains
2011,705,Skeena Mountains
2012,940,Skeena Mountains
2013,1204,Skeena Mountains
2014,1625,Skeena Mountains
2015,1054,Skeena Mountains
2016,1437,Skeena Mountains
2017,1603,Skeena Mountains
2018,1124,Skeena Mountains
2019,227,Skeena Mountains
1970,644,Southern Alberta Upland
1971,492,Southern Alberta Upland
1972,811,Southern Alberta Upland
1973,408,Southern Alberta Upland
1974,434,Southern Alberta Upland
1975,417,Southern Alberta Upland
1976,850,Southern Alberta Upland
1977,672,Southern Alberta Upland
1978,737,Southern Alberta Upland
1979,599,Southern Alberta Upland
1980,608,Southern Alberta Upland
1981,309,Southern Alberta Upland
1982,864,Southern Alberta Upland
1983,1270,Southern Alberta Upland
1984,634,Southern Alberta Upland
1985,549,Southern Alberta Upland
1986,1286,Southern Alberta Upland
1987,1388,Southern Alberta Upland
1988,1667,Southern Alberta Upland
1989,1769,Southern Alberta Upland
1990,1022,Southern Alberta Upland
1991,1333,Southern Alberta Upland
1992,2000,Southern Alberta Upland
1993,1101,Southern Alberta Upland
1994,504,Southern Alberta Upland
1995,1228,Southern Alberta Upland
1996,1597,Southern Alberta Upland
1997,1449,Southern Alberta Upland
1998,1267,Southern Alberta Upland
1999,1399,Southern Alberta Upland
2000,1430,Southern Alberta Upland
2001,2290,Southern Alberta Upland
2002,2365,Southern Alberta Upland
2003,2674,Southern Alberta Upland
2004,1381,Southern Alberta Upland
2005,2672,Southern Alberta Upland
2006,2487,Southern Alberta Upland
2007,1854,Southern Alberta Upland
2008,1349,Southern Alberta Upland
2009,625,Southern Alberta Upland
2010,726,Southern Alberta Upland
2011,1799,Southern Alberta Upland
2012,2543,Southern Alberta Upland
2013,3562,Southern Alberta Upland
2014,4137,Southern Alberta Upland
2015,4161,Southern Alberta Upland
2016,3807,Southern Alberta Upland
2017,4112,Southern Alberta Upland
2018,1568,Southern Alberta Upland
2019,264,Southern Alberta Upland
1970,1481,Southern Rocky Mountain Trench
1971,1488,Southern Rocky Mountain Trench
1972,1801,Southern Rocky Mountain Trench
1973,1660,Southern Rocky Mountain Trench
1974,1638,Southern Rocky Mountain Trench
1975,1530,Southern Rocky Mountain Trench
1976,3324,Southern Rocky Mountain Trench
1977,2812,Southern Rocky Mountain Trench
1978,4236,Southern Rocky Mountain Trench
1979,4648,Southern Rocky Mountain Trench
1980,3899,Southern Rocky Mountain Trench
1981,4248,Southern Rocky Mountain Trench
1982,3647,Southern Rocky Mountain Trench
1983,4683,Southern Rocky Mountain Trench
1984,5173,Southern Rocky Mountain Trench
1985,5836,Southern Rocky Mountain Trench
1986,6257,Southern Rocky Mountain Trench
1987,6603,Southern Rocky Mountain Trench
1988,6689,Southern Rocky Mountain Trench
1989,5569,Southern Rocky Mountain Trench
1990,3897,Southern Rocky Mountain Trench
1991,5750,Southern Rocky Mountain Trench
1992,3457,Southern Rocky Mountain Trench
1993,3975,Southern Rocky Mountain Trench
1994,2537,Southern Rocky Mountain Trench
1995,3864,Southern Rocky Mountain Trench
1996,3593,Southern Rocky Mountain Trench
1997,2796,Southern Rocky Mountain Trench
1998,3338,Southern Rocky Mountain Trench
1999,3114,Southern Rocky Mountain Trench
2000,3929,Southern Rocky Mountain Trench
2001,2786,Southern Rocky Mountain Trench
2002,4259,Southern Rocky Mountain Trench
2003,2727,Southern Rocky Mountain Trench
2004,5530,Southern Rocky Mountain Trench
2005,3041,Southern Rocky Mountain Trench
2006,4140,Southern Rocky Mountain Trench
2007,4556,Southern Rocky Mountain Trench
2008,5313,Southern Rocky Mountain Trench
2009,3256,Southern Rocky Mountain Trench
2010,5141,Southern Rocky Mountain Trench
2011,4437,Southern Rocky Mountain Trench
2012,2670,Southern Rocky Mountain Trench
2013,5996,Southern Rocky Mountain Trench
2014,3586,Southern Rocky Mountain Trench
2015,3779,Southern Rocky Mountain Trench
2016,3431,Southern Rocky Mountain Trench
2017,2730,Southern Rocky Mountain Trench
2018,1377,Southern Rocky Mountain Trench
2019,36,Southern Rocky Mountain Trench
1970,8731,Thompson-Okanagan Plateau
1971,10035,Thompson-Okanagan Plateau
1972,10115,Thompson-Okanagan Plateau
1973,11418,Thompson-Okanagan Plateau
1974,8869,Thompson-Okanagan Plateau
1975,9257,Thompson-Okanagan Plateau
1976,11326,Thompson-Okanagan Plateau
1977,14205,Thompson-Okanagan Plateau
1978,9907,Thompson-Okanagan Plateau
1979,10716,Thompson-Okanagan Plateau
1980,10725,Thompson-Okanagan Plateau
1981,9222,Thompson-Okanagan Plateau
1982,11349,Thompson-Okanagan Plateau
1983,12979,Thompson-Okanagan Plateau
1984,13488,Thompson-Okanagan Plateau
1985,16207,Thompson-Okanagan Plateau
1986,14499,Thompson-Okanagan Plateau
1987,19190,Thompson-Okanagan Plateau
1988,17459,Thompson-Okanagan Plateau
1989,15783,Thompson-Okanagan Plateau
1990,15745,Thompson-Okanagan Plateau
1991,14607,Thompson-Okanagan Plateau
1992,14048,Thompson-Okanagan Plateau
1993,13528,Thompson-Okanagan Plateau
1994,12675,Thompson-Okanagan Plateau
1995,11981,Thompson-Okanagan Plateau
1996,12771,Thompson-Okanagan Plateau
1997,14482,Thompson-Okanagan Plateau
1998,17660,Thompson-Okanagan Plateau
1999,16495,Thompson-Okanagan Plateau
2000,17439,Thompson-Okanagan Plateau
2001,14618,Thompson-Okanagan Plateau
2002,18634,Thompson-Okanagan Plateau
2003,26426,Thompson-Okanagan Plateau
2004,36546,Thompson-Okanagan Plateau
2005,33328,Thompson-Okanagan Plateau
2006,34064,Thompson-Okanagan Plateau
2007,31893,Thompson-Okanagan Plateau
2008,27472,Thompson-Okanagan Plateau
2009,20083,Thompson-Okanagan Plateau
2010,24423,Thompson-Okanagan Plateau
2011,25215,Thompson-Okanagan Plateau
2012,24944,Thompson-Okanagan Plateau
2013,25613,Thompson-Okanagan Plateau
2014,25966,Thompson-Okanagan Plateau
2015,21497,Thompson-Okanagan Plateau
2016,22520,Thompson-Okanagan Plateau
2017,17624,Thompson-Okanagan Plateau
2018,15135,Thompson-Okanagan Plateau
2019,1822,Thompson-Okanagan Plateau
1970,3281,Western Continental Ranges
1971,2055,Western Continental Ranges
1972,3028,Western Continental Ranges
1973,3698,Western Continental Ranges
1974,3140,Western Continental Ranges
1975,1651,Western Continental Ranges
1976,3773,Western Continental Ranges
1977,3837,Western Continental Ranges
1978,4360,Western Continental Ranges
1979,3542,Western Continental Ranges
1980,2883,Western Continental Ranges
1981,2377,Western Continental Ranges
1982,2308,Western Continental Ranges
1983,3436,Western Continental Ranges
1984,3254,Western Continental Ranges
1985,5845,Western Continental Ranges
1986,4444,Western Continental Ranges
1987,2740,Western Continental Ranges
1988,3175,Western Continental Ranges
1989,3471,Western Continental Ranges
1990,2353,Western Continental Ranges
1991,2057,Western Continental Ranges
1992,2857,Western Continental Ranges
1993,2613,Western Continental Ranges
1994,2661,Western Continental Ranges
1995,3153,Western Continental Ranges
1996,3293,Western Continental Ranges
1997,3533,Western Continental Ranges
1998,3314,Western Continental Ranges
1999,2594,Western Continental Ranges
2000,2334,Western Continental Ranges
2001,3188,Western Continental Ranges
2002,2636,Western Continental Ranges
2003,2896,Western Continental Ranges
2004,3720,Western Continental Ranges
2005,2974,Western Continental Ranges
2006,3120,Western Continental Ranges
2007,4621,Western Continental Ranges
2008,3157,Western Continental Ranges
2009,1189,Western Continental Ranges
2010,2013,Western Continental Ranges
2011,2901,Western Continental Ranges
2012,2238,Western Continental Ranges
2013,3058,Western Continental Ranges
2014,2923,Western Continental Ranges
2015,4009,Western Continental Ranges
2016,2388,Western Continental Ranges
2017,2574,Western Continental Ranges
2018,2089,Western Continental Ranges
2019,280,Western Continental Ranges
1970,1676,Western Vancouver Island
1971,1722,Western Vancouver Island
1972,1586,Western Vancouver Island
1973,2237,Western Vancouver Island
1974,2500,Western Vancouver Island
1975,1271,Western Vancouver Island
1976,3546,Western Vancouver Island
1977,2519,Western Vancouver Island
1978,3837,Western Vancouver Island
1979,4897,Western Vancouver Island
1980,3844,Western Vancouver Island
1981,3036,Western Vancouver Island
1982,3464,Western Vancouver Island
1983,4215,Western Vancouver Island
1984,4800,Western Vancouver Island
1985,4471,Western Vancouver Island
1986,4996,Western Vancouver Island
1987,8605,Western Vancouver Island
1988,8352,Western Vancouver Island
1989,7960,Western Vancouver Island
1990,7997,Western Vancouver Island
1991,8332,Western Vancouver Island
1992,8814,Western Vancouver Island
1993,9397,Western Vancouver Island
1994,8969,Western Vancouver Island
1995,14792,Western Vancouver Island
1996,9280,Western Vancouver Island
1997,8024,Western Vancouver Island
1998,6300,Western Vancouver Island
1999,10474,Western Vancouver Island
2000,9484,Western Vancouver Island
2001,7997,Western Vancouver Island
2002,10217,Western Vancouver Island
2003,8322,Western Vancouver Island
2004,11785,Western Vancouver Island
2005,10518,Western Vancouver Island
2006,10605,Western Vancouver Island
2007,9537,Western Vancouver Island
2008,5886,Western Vancouver Island
2009,5552,Western Vancouver Island
2010,9509,Western Vancouver Island
2011,10375,Western Vancouver Island
2012,10597,Western Vancouver Island
2013,9140,Western Vancouver Island
2014,8748,Western Vancouver Island
2015,8980,Western Vancouver Island
2016,9764,Western Vancouver Island
2017,7993,Western Vancouver Island
2018,4334,Western Vancouver Island
2019,274,Western Vancouver Island
1970,0,Yukon-Stikine Highlands
1971,0,Yukon-Stikine Highlands
1972,0,Yukon-Stikine Highlands
1973,0,Yukon-Stikine Highlands
1974,0,Yukon-Stikine Highlands
1975,0,Yukon-Stikine Highlands
1976,0,Yukon-Stikine Highlands
1977,0,Yukon-Stikine Highlands
1978,0,Yukon-Stikine Highlands
1979,0,Yukon-Stikine Highlands
1980,0,Yukon-Stikine Highlands
1981,0,Yukon-Stikine Highlands
1982,0,Yukon-Stikine Highlands
1983,0,Yukon-Stikine Highlands
1984,0,Yukon-Stikine Highlands
1985,0,Yukon-Stikine Highlands
1986,0,Yukon-Stikine Highlands
1987,0,Yukon-Stikine Highlands
1988,0,Yukon-Stikine Highlands
1989,3,Yukon-Stikine Highlands
1990,0,Yukon-Stikine Highlands
1991,0,Yukon-Stikine Highlands
1992,0,Yukon-Stikine Highlands
1993,0,Yukon-Stikine Highlands
1994,0,Yukon-Stikine Highlands
1995,0,Yukon-Stikine Highlands
1996,0,Yukon-Stikine Highlands
1997,0,Yukon-Stikine Highlands
1998,0,Yukon-Stikine Highlands
1999,0,Yukon-Stikine Highlands
2000,0,Yukon-Stikine Highlands
2001,0,Yukon-Stikine Highlands
2002,0,Yukon-Stikine Highlands
2003,0,Yukon-Stikine Highlands
2004,0,Yukon-Stikine Highlands
2005,0,Yukon-Stikine Highlands
2006,0,Yukon-Stikine Highlands
2007,0,Yukon-Stikine Highlands
2008,0,Yukon-Stikine Highlands
2009,0,Yukon-Stikine Highlands
2010,0,Yukon-Stikine Highlands
2011,0,Yukon-Stikine Highlands
2012,0,Yukon-Stikine Highlands
2013,0,Yukon-Stikine Highlands
2014,0,Yukon-Stikine Highlands
2015,0,Yukon-Stikine Highlands
2016,0,Yukon-Stikine Highlands
2017,0,Yukon-Stikine Highlands
2018,0,Yukon-Stikine Highlands
2019,0,Yukon-Stikine Highlands
1970,0,NA
1971,0,NA
1972,9,NA
1973,4,NA
1974,8,NA
1975,0,NA
1976,2,NA
1977,0,NA
1978,0,NA
1979,0,NA
1980,0,NA
1981,0,NA
1982,0,NA
1983,0,NA
1984,0,NA
1985,0,NA
1986,0,NA
1987,12,NA
1988,0,NA
1989,0,NA
1990,0,NA
1991,0,NA
1992,0,NA
1993,0,NA
1994,0,NA
1995,0,NA
1996,3,NA
1997,0,NA
1998,0,NA
1999,1,NA
2000,0,NA
2001,17,NA
2002,7,NA
2003,0,NA
2004,0,NA
2005,0,NA
2006,0,NA
2007,0,NA
2008,0,NA
2009,0,NA
2010,0,NA
2011,1,NA
2012,0,NA
2013,0,NA
2014,0,NA
2015,0,NA
2016,0,NA
2017,98,NA
2018,0,NA
2019,0,NA
